id,first_name,last_name,email,City
0,Emory,Setter,esetterrr@furl.net,Norilsk
1,Demetrius,MacRury,dmacrury0@microsoft.com,Adak
2,Burgess,Tidcomb,btidcomb1@wikispaces.com,Gda?sk
3,Toby,Ditty,tditty2@i2i.jp,Forked River
4,Denver,Cargen,dcargen3@canalblog.com,Blantyre
5,Kathe,Rubartelli,krubartelli4@discuz.net,Phuket (city)
6,Ailee,Rochell,arochell5@answers.com,Nagpur
7,Valenka,Smaridge,vsmaridge6@mysql.com,Cologne
8,Gilberte,Farfalameev,gfarfalameev7@google.co.uk,Sapporo
9,Kitty,Castelletti,kcastelletti8@examiner.com,Saipan
10,Jana,Cawthra,jcawthra9@exblog.jp,Jinan
11,Jimmie,Schimank,jschimanka@cdbaby.com,Malé
12,Pierce,Hurdedge,phurdedgeb@abc.net.au,Santa Cruz de Tenerife
13,Raff,Coleford,rcolefordc@pcworld.com,Tel Aviv
14,Ardelle,Bloodworth,abloodworthd@netscape.com,Berlin
15,Corrinne,Garrit,cgarrite@jalbum.net,Yangon
16,Audry,Parrett,aparrettf@ocn.ne.jp,Freetown
17,Sephira,Pickersgill,spickersgillg@omniture.com,Vatican City
18,Alphard,Connikie,aconnikieh@wordpress.com,Kolkata
19,Zenia,Nanni,znannii@youtu.be,Cleveland
20,Cull,Colleran,ccolleranj@artisteer.com,Dakar
21,Windham,Doward,wdowardk@themeforest.net,Doha
22,Lazarus,Moreside,lmoresidel@tripod.com,Johannesburg
23,Sigmund,Sommersett,ssommersettm@imdb.com,Pyongyang
24,Brennan,Bennallck,bbennallckn@omniture.com,Guatemala City
25,Hillier,Pyser,hpysero@studiopress.com,Charlotte
26,Redford,Stallebrass,rstallebrassp@sourceforge.net,Split (city)
27,Joseph,Livett,jlivettq@plala.or.jp,Lanzhou
28,Geraldine,Klimuk,gklimukr@oaic.gov.au,Blantyre
29,Mellie,Rose,mroses@howstuffworks.com,São Tomé
30,Doralynne,Dell,ddellt@1und1.de,Assis
31,Shadow,Clements,sclementsu@xinhuanet.com,Dunedin
32,Paulo,Diment,pdimentv@fotki.com,Abidjan
33,Thea,Roebuck,troebuckw@php.net,Alexandria
34,Peri,Carrodus,pcarrodusx@linkedin.com,Bahía Blanca
35,Tye,Hasted,thastedy@etsy.com,Douglas
36,May,Munns,mmunnsz@youtube.com,Townsville
37,Rosalind,Feragh,rferagh10@weather.com,Apia
38,Marysa,Mochar,mmochar11@themeforest.net,Columbus
39,Eugenius,Mintram,emintram12@ihg.com,Pyongyang
40,Elsey,Bartelli,ebartelli13@nsw.gov.au,Siem Reap
41,Carmella,Gamwell,cgamwell14@comsenz.com,Douala
42,Kikelia,Churchlow,kchurchlow15@pbs.org,Labasa
43,Hyacinthe,Bulger,hbulger16@nhs.uk,Iloilo City
44,Nevil,oldey,noldey17@hhs.gov,Santa Cruz de Tenerife
45,Laurent,Bartolijn,lbartolijn18@hugedomains.com,Adak
46,Valery,Ventam,vventam19@networkadvertising.org,Tallinn
47,Loy,Haselgrove,lhaselgrove1a@parallels.com,Rosario
48,Ricky,Raubheim,rraubheim1b@house.gov,Puerto Williams
49,Eba,Standbrooke,estandbrooke1c@rediff.com,Las Palmas de Gran Canaria
50,Forrest,Curtin,fcurtin1d@51.la,Multan
51,Barbaraanne,Burgiss,bburgiss1e@dailymail.co.uk,Rabat
52,Fionna,Kauscher,fkauscher1f@behance.net,St. Louis
53,Eve,Paskell,epaskell1g@w3.org,Skopje
54,Stephanus,Van Hesteren,svanhesteren1h@wisc.edu,Davao City
55,Cherrita,Penrith,cpenrith1i@google.com.au,Helsinki
56,Karen,Baldacco,kbaldacco1j@cam.ac.uk,Tucson
57,Alard,Fieller,afieller1k@wufoo.com,Port Vila
58,Alfredo,Colcutt,acolcutt1l@independent.co.uk,Moroni
59,Averyl,Kedge,akedge1m@facebook.com,Düsseldorf
60,Giuditta,Cud,gcud1n@deliciousdays.com,Cairo
61,Waylin,Alberts,walberts1o@cdbaby.com,Curitiba
62,Annemarie,Knowlson,aknowlson1p@cornell.edu,Valdivia
63,Rafaellle,Lawrey,rlawrey1q@umn.edu,Abuja
64,Karmen,Skuce,kskuce1r@cam.ac.uk,Bishkek
65,Brannon,London,blondon1s@spotify.com,Zapopan
66,Jase,Laye,jlaye1t@eventbrite.com,Tartu
67,Bevon,Burmaster,bburmaster1u@cargocollective.com,Puebla
68,Dorry,Wills,dwills1v@dell.com,Tashkent
69,Staffard,Mitchelson,smitchelson1w@netscape.com,Guangzhou
70,Bogart,Vittle,bvittle1x@themeforest.net,Harbin
71,Lauren,Grannell,lgrannell1y@foxnews.com,Hangzhou
72,Deina,Brognot,dbrognot1z@earthlink.net,Ponta Delgada
73,Cecil,Tolerton,ctolerton20@i2i.jp,Tampa
74,Mariejeanne,Groundwator,mgroundwator21@washington.edu,Kota Bharu
75,Kirstyn,Tailby,ktailby22@nba.com,Hagåtña
76,Inger,Duffyn,iduffyn23@auda.org.au,Dubai
77,Silas,Diem,sdiem24@cornell.edu,Namangan
78,Morten,Phelipeaux,mphelipeaux25@diigo.com,Hu?
79,Noah,Arbuckle,narbuckle26@pen.io,Chihuahua
80,Viki,Fairbeard,vfairbeard27@foxnews.com,Phuket (city)
81,Livvie,Velde,lvelde28@freewebs.com,Pittsburgh
82,Starlene,Corryer,scorryer29@theguardian.com,Wellington
83,Carin,Perview,cperview2a@economist.com,Tokyo
84,Bessie,Jehu,bjehu2b@goodreads.com,Tbilisi
85,Melosa,Barnet,mbarnet2c@google.com.hk,Campo Grande
86,Bonnibelle,Ziemens,bziemens2d@webeden.co.uk,Kiev
87,Denys,Ciccetti,dciccetti2e@amazon.com,South Tarawa
88,Tedra,Copelli,tcopelli2f@pagesperso-orange.fr,Maputo
89,Desiri,Tabary,dtabary2g@spiegel.de,Algiers
90,Jade,Elgram,jelgram2h@sourceforge.net,Srinagar
91,Cherye,Kyles,ckyles2i@icio.us,Saipan
92,Demetra,Gabbett,dgabbett2j@latimes.com,Khartoum
93,Conrado,Brotherhood,cbrotherhood2k@clickbank.net,Mata-Utu
94,Gertruda,Victory,gvictory2l@omniture.com,Townsville
95,Noella,Cicullo,ncicullo2m@ucla.edu,Malang
96,Lacey,Fontes,lfontes2n@netscape.com,Da Nang
97,Norbie,Rabjohns,nrabjohns2o@so-net.ne.jp,Asunción
98,Finlay,Kempston,fkempston2p@wikipedia.org,Belfast
99,Chiquia,Allmen,callmen2q@1688.com,Cayenne
